SiteNo,GridNo,DeployDate,CollectionDate,GridClassification,UTM Coordinates 12U,UTM Coordinates mE,Check No,Check Date,Crew,Snow Depth Trail (cm),SnowDepthOffTrail (cm),SnowHardnessTrail (1-6),SnowHardnessOffTrail (1-6),PictureNo.,BattsChangedY/N,CameraRefusealY/N,Track Transet,CameraSiteInfo/Comments (Tracks/Sign/Disturbance/Change),SiteNo,Check Date,"PROBLEMS (DELETED SITE, MOVED SITE, TEMPORARY FAILURE)",KNOWN PERIOD OF MISSING DATA - START,KNOWN PERIOD OF MISSING DATA - END,TOTAL DAYS,
1,299,21-Oct-11,23-Oct-14,Lo-Con,0508021,6133345,1,23-Jan-12,JDE/LNO,26.5,31.0,2,2,91/92,N,N,SNHA,"On north side of creek, seismec all over, new sesimec every 50 meters approximately 2m from camera, camera will not be valuable no animal tracks",1,23-Jan-12,,,,0,
1,299,21-Oct-11,23-Oct-14,Lo-Con,0508021,6133345,2,18-Jun-12,LN/PL,N/A,N/A,N/A,N/A,203,N,N,,Wolf scat on seismic line,1,18-Jun-12,,,,0,
1,299,21-Oct-11,23-Oct-14,Lo-Con,0508021,6133345,3,15-Oct-12,LN/KT,N/A,N/A,N/A,N/A,700,Y,N,,Lynx scat on seismic line,1,15-Oct-12,,,,0,
1,299,21-Oct-11,23-Oct-14,Lo-Con,0508021,6133345,4,24-Jun-13,LN/LR,N/A,N/A,N/A,N/A,369,N,,,Caribou track on sesimec line,1,24-Jun-13,,,,0,
1,299,21-Oct-11,23-Oct-14,Lo-Con,0508021,6133345,5,21-Oct-13,LN/GC,N/A,N/A,N/A,N/A,216,Y,N,,"Caribou tracks on trail 30m to South 3D sesimec, no tracks obvious on game trail in front of camera",1,21-Oct-13,,,,0,
2,252,21-Oct-11,23-Oct-14,Lo-Con,0506851,6134232,1,23-Jan-12,JDE/LNO,19.0,20.0,4,4,93,N,N,SNHA," Lead core road intersection in mossy saddle, mad seismic new line 5m from trail, with charges & cable activity destroying area, helicopter laying charges lots of bunnies no deer tracks, snow crust 6cm from the ground",2,23-Jan-12,,,,0,
2,252,21-Oct-11,23-Oct-14,Lo-Con,0506851,6134232,2,18-Jun-12,LN/PL,N/A,N/A,N/A,N/A,207,N,N,,Wolf and lynx scat on seismic line,2,18-Jun-12,,,,0,
2,252,21-Oct-11,23-Oct-14,Lo-Con,0506851,6134232,3,15-Oct-12,LN/KT,N/A,N/A,N/A,N/A,228,Y,N,,"Caribou and deer tracks where truck is parked, all deer going around camera on seismic line now",2,15-Oct-12,,,,0,
2,252,21-Oct-11,23-Oct-14,Lo-Con,0506851,6134232,4,24-Jun-13,LN/LR,N/A,N/A,N/A,N/A,363,N,,,No comments,2,24-Jun-13,,,,0,
2,252,21-Oct-11,23-Oct-14,Lo-Con,0506851,6134232,5,21-Oct-13,LN/GC,N/A,N/A,N/A,N/A,125,Y,N,Sign of trail usage but no tracks identifiable in th moss forest floor,"One set of caribou tracks on sesimic line10m from camera, returned October 25th 2013 put in new SD card forgot to do it on the previous visit",2,21-Oct-13,,,,0,
,,,23-Oct-14,,,,,,,,,,,,,,,,2,23-Oct-14,Temporary Failure,04-Feb-14,23-Oct-14,261,
3,37,21-Oct-11,23-Oct-14,Up-Con,0491294,6135929,1,27-Jan-12,JDE/LNO,17.0,27.0,2,2,183,N,N,SNHA,"North of well site old growth, caribou tracks in area, not near camera on cutline/well pad ",3,27-Jan-12,,,,0,
3,37,21-Oct-11,23-Oct-14,Up-Con,0491294,6135929,2,18-Jun-12,LN/PL,N/A,N/A,N/A,N/A,210,N,N,,"Gate is now locked no turn around, wolf tracks on road",3,18-Jun-12,,,,0,
3,37,21-Oct-11,23-Oct-14,Up-Con,0491294,6135929,3,15-Oct-12,LN/KT,N/A,N/A,N/A,N/A,351,Y,N,,Caribou cow and calf tracks on well pad,3,15-Oct-12,,,,0,
3,37,21-Oct-11,23-Oct-14,Up-Con,0491294,6135929,4,24-Jun-13,LN/LR,N/A,N/A,N/A,N/A,227,N,,,"Fresh deer scat in camera range, bear tracks and scat nearby",3,24-Jun-13,,,,0,
3,37,21-Oct-11,23-Oct-14,Up-Con,0491294,6135929,5,21-Oct-13,LN/GC,N/A,N/A,N/A,N/A,84,Y,,Deer scat,Deer scat on trail,3,21-Oct-13,,,,0,
4,31,21-Oct-11,23-Oct-14,Up-Con,0490524,6139684,1,27-Jan-12,JDE/LNO,24.0,26.0,1,1,184/185,N,N,SNHA," Long trail along road small tree, Picture 184 blurry wolf tracks in area, 1 b/c no crust in here snow a bottom is mildly granular but no crust ",4,27-Jan-12,,,,0,
4,31,21-Oct-11,23-Oct-14,Up-Con,0490524,6139684,2,18-Jun-12,LN/PL,N/A,N/A,N/A,N/A,211,N,N,,No comments,4,18-Jun-12,,,,0,
4,31,21-Oct-11,23-Oct-14,Up-Con,0490524,6139684,3,15-Oct-12,LN/KT,N/A,N/A,N/A,N/A,504,Y,N,,No comments,4,15-Oct-12,,,,0,
4,31,21-Oct-11,23-Oct-14,Up-Con,0490524,6139684,4,24-Jun-13,LN/LR,N/A,N/A,N/A,N/A,483,N,,,No comments,4,24-Jun-13,,,,0,
4,31,21-Oct-11,23-Oct-14,Up-Con,0490524,6139684,5,21-Oct-13,LN/GC,N/A,N/A,N/A,N/A,125,Y,,No identifiable tracks but shows use,Heavily used trail,4,21-Oct-13,,,,0,
5,614,22-Oct-11,24-Oct-14,Up-Dec,0528066,6140744,1,24-Jan-12,JDE/LNO,27.0,22.0,2,2,94/95,N,N,SNHA,"Fire Regeneration Aw stand, limited tracks barely visible no deer tracks in area ",5,24-Jan-12,,,,0,
5,614,22-Oct-11,24-Oct-14,Up-Dec,0528066,6140744,2,19-Jun-12,LN/PL,N/A,N/A,N/A,N/A,222/223,N,N,Fresh deer tracks and scat,No comments,5,19-Jun-12,,,,0,
5,614,22-Oct-11,24-Oct-14,Up-Dec,0528066,6140744,3,16-Oct-12,LN/KT,N/A,N/A,N/A,N/A,281,Y,N,,Deer scat on the way to site,5,16-Oct-12,,,,0,
5,614,22-Oct-11,24-Oct-14,Up-Dec,0528066,6140744,4,26-Jun-13,LN/LR,N/A,N/A,N/A,N/A,181,N,,Fresh deer tracks on upper trail,No comments,5,26-Jun-13,,,,0,
5,614,22-Oct-11,24-Oct-14,Up-Dec,0528066,6140744,5,22-Oct-13,LN/GC,N/A,N/A,N/A,N/A,183,Y,N,Little sign of activity,Deer tracks on road,5,22-Oct-13,,,,0,
6,590,22-Oct-11,24-Oct-14,Up-Con,0526350,6138402,1,24-Jan-12,JDE/LNO,18.0,21.0,3,3,96,N,N,UNDE/COYO/SNHA,"Along creek Pj stand, battery on drill died, less SNHA activity here, no confirmed deer tracks around",6,24-Jan-12,,,,0,
6,590,22-Oct-11,24-Oct-14,Up-Con,0526350,6138402,2,19-Jun-12,LN/PL,N/A,N/A,N/A,N/A,225/226,N,N,,New 3D seismic in area,6,19-Jun-12,,,,0,
6,590,22-Oct-11,24-Oct-14,Up-Con,0526350,6138402,3,16-Oct-12,LN/KT,N/A,N/A,N/A,N/A,215,Y,N,N/A,Camera still takes photos of seismic line,6,16-Oct-12,,,,0,
6,590,22-Oct-11,24-Oct-14,Up-Con,0526350,6138402,4,26-Jun-13,LN/LR,N/A,N/A,N/A,N/A,162,N,,,No comments,6,26-Jun-13,,,,0,
6,590,22-Oct-11,24-Oct-14,Up-Con,0526350,6138402,5,22-Oct-13,LN/GC,N/A,N/A,N/A,N/A,128,N,N,No very much sign of activity,No comments,6,22-Oct-13,,,,0,
7,573,22-Oct-11,24-Oct-14,Up-Con,0525611,6135595,1,24-Jan-12,JDE/LNO,20.0,19.0,2,2,97,N,N,LYNX/SNHA/RESQ,"Blueberry hill Pj fire shitty site, lots of lynx and bunny in open area",7,24-Jan-12,,,,0,
7,573,22-Oct-11,24-Oct-14,Up-Con,0525611,6135595,2,19-Jun-12,LN/PL,N/A,N/A,N/A,N/A,227/228,N,N,,"New 3D seismic in area, cleared path to camera",7,19-Jun-12,,,,0,
7,573,22-Oct-11,24-Oct-14,Up-Con,0525611,6135595,3,16-Oct-12,LN/KT,N/A,N/A,N/A,N/A,99/100,Y,N,N/A,"Opened up trail a bit more, cut down some small trees between trail and seismic line, very little wildlife activity",7,16-Oct-12,,,,0,
7,573,22-Oct-11,24-Oct-14,Up-Con,0525611,6135595,4,26-Jun-13,LN/LR,N/A,N/A,N/A,N/A,189,N,,Old moose scat on trail nearby,No comments,7,26-Jun-13,,,,0,
7,573,22-Oct-11,24-Oct-14,Up-Con,0525611,6135595,5,22-Oct-13,LN/GC,N/A,N/A,N/A,N/A,64,Y,N,No tracks,No comments,7,22-Oct-13,,,,0,
8,488,22-Oct-11,24-Oct-14,Lo-Con,0520901,6134190,1,24-Jan-12,JDE/LNO,9.0,17.0,3,2,99,N,N,UNDE,"RTL road on edge of big pipeline, camera by large pipeline, unknown woodpecker heard , trail heavy deer and weasel around",8,24-Jan-12,,,,0,
8,488,22-Oct-11,24-Oct-14,Lo-Con,0520901,6134190,2,19-Jun-12,LN/PL,N/A,N/A,N/A,N/A,233/234,N,N,,No comments,8,19-Jun-12,,,,0,
8,488,22-Oct-11,24-Oct-14,Lo-Con,0520901,6134190,3,16-Oct-12,LN/KT,N/A,N/A,N/A,N/A,250,Y,N,N/A,Cleared area again of tall LEDUGRO and some trees,8,16-Oct-12,,,,0,
8,488,22-Oct-11,24-Oct-14,Lo-Con,0520901,6134190,4,26-Jun-13,LN/LR,N/A,N/A,N/A,N/A,687,N,,,No comments,8,26-Jun-13,,,,0,
8,488,22-Oct-11,24-Oct-14,Lo-Con,0520901,6134190,5,22-Oct-13,LN/GC,N/A,N/A,N/A,N/A,76,Y,N,No identifiable tracks but shows light use,No comments,8,22-Oct-13,,,,0,
,,,24-Oct-14,,,,,,,,,,,,,,,,8,24-Oct-14,Temporary Failure,17-Mar-14,24-Oct-14,221,
9,415,22-Oct-11,24-Oct-14,Lo-Con,0516274,6137938,1,24-Jan-12,JDE/LNO,13.0,17.0,3,2,100,N,N,SNHA/FISHER,"On edge of sand river by big clearing, deer in area",9,24-Jan-12,,,,0,
9,415,22-Oct-11,24-Oct-14,Lo-Con,0516274,6137938,2,19-Jun-12,LN/PL,N/A,N/A,N/A,N/A,235/236,N,N,N/A,"Fresh hand cut seismic by camera since last check, recommend moving camera",9,19-Jun-12,,,,0,
9,415,22-Oct-11,24-Oct-14,Lo-Con,0516274,6137938,3,16-Oct-12,LN/KT,N/A,N/A,N/A,N/A,203,Y,N,N/A,Heavy bridge construction 100m away some deer sign in area,9,16-Oct-12,,,,0,
9,415,22-Oct-11,24-Oct-14,Lo-Con,0516274,6137938,4,26-Jun-13,LN/LR,N/A,N/A,N/A,N/A,647,N,,,"Fresh seeded clover patch nearby, lots of deer scat on trails",9,26-Jun-13,,,,0,
9,415,22-Oct-11,24-Oct-14,Lo-Con,0516274,6137938,5,22-Oct-13,LN/GC,N/A,N/A,N/A,N/A,163,Y,N,Good use found wide shed 100m away lots of deer sign,New camp 200m away,9,22-Oct-13,,,,0,
10,417,23-Oct-11,24-Oct-14,Lo-Mix,0516320,6139744,1,24-Jan-12,JDE/LNO,7.0,17.0,4,3,101,N,N,SNHA,"New seismic 5m from camera, area now riddled with brand new seismic,  well used trail",10,24-Jan-12,,,,0,
10,417,23-Oct-11,24-Oct-14,Lo-Mix,0516320,6139744,2,19-Jun-12,LN/PL,N/A,N/A,N/A,N/A,240/241,N,N,N/A,"Cleared path around camera, possible seismic crew since last check",10,19-Jun-12,,,,0,
10,417,23-Oct-11,24-Oct-14,Lo-Mix,0516320,6139744,3,16-Oct-12,LN/KT,N/A,N/A,N/A,N/A,512,Y,N,N/A,Deer scat on seismic lines,10,16-Oct-12,,,,0,
10,417,23-Oct-11,24-Oct-14,Lo-Mix,0516320,6139744,4,26-Jun-13,LN/LR,N/A,N/A,N/A,N/A,709,N,,,Lots of deer and moose tracks on 3D seismec,10,26-Jun-13,,,,0,
10,417,23-Oct-11,24-Oct-14,Lo-Mix,0516320,6139744,5,22-Oct-13,LN/GC,N/A,N/A,N/A,N/A,142,Y,N,Very little deer sign but trails show use,No comments,10,22-Oct-13,,,,0,
11,419,23-Oct-11,N/A Stolen,Up-Mix,0516164,6141187,1,24-Jan-12,JDE/LNO,N/A,N/A,N/A,N/A,102/103,,,,"By elkow creek on hill 3D seismec, original site 11 was destroyed by logging, grid logged and unaccesabile RIP 11/419, site is now #61",11,24-Jan-12,Moved Site,,,0,
12,530,23-Oct-11,24-Oct-14,Up-Con,0522585,6144598,1,24-Jan-12,JDE/LNO,23.0,28.0,2,2,104,N,N,SNHA/COYO/UNDE,Classification for this grid is wrong this is not an upland coniferous site it is a fire region Aw stand,12,24-Jan-12,,,,0,
12,530,23-Oct-11,24-Oct-14,Up-Con,0522585,6144598,2,19-Jun-12,LN/PL,N/A,N/A,N/A,N/A,244/245,N,N,N/A,No comments,12,19-Jun-12,,,,0,
12,530,23-Oct-11,24-Oct-14,Up-Con,0522585,6144598,3,16-Oct-12,LN/KT,N/A,N/A,N/A,N/A,655,Y,N,N/A,No comments,12,16-Oct-12,,,,0,
12,530,23-Oct-11,24-Oct-14,Up-Con,0522585,6144598,4,26-Jun-13,LN/LR,N/A,N/A,N/A,N/A,923,N,,,Fresh bear and deer tracks on pipeline nearby,12,26-Jun-13,,,,0,
12,530,23-Oct-11,24-Oct-14,Up-Con,0522585,6144598,5,22-Oct-13,LN/GC,N/A,N/A,N/A,N/A,617,Y,N,Well used trail ruffled grouse 50m away,No comments,12,22-Oct-13,,,,0,
,,,24-Oct-14,,,,,,,,,,,,,,,,12,24-Oct-14,Temporary Failure,16-Nov-13,24-Oct-14,342,
13,385,23-Oct-11,24-Oct-14,Up-Dec,0515053,6143649,1,24-Jan-12,JDE/LNO,22.0,27.0,3,2,105,N,N,UNDE/SNHA,"Long walk on big tree not in grid, lots of deer signs, beds, scat, urine",13,24-Jan-12,,,,0,
13,385,23-Oct-11,24-Oct-14,Up-Dec,0515053,6143649,2,19-Jun-12,LN/PL,N/A,N/A,N/A,N/A,247/248,N,N,N/A,No comments,13,19-Jun-12,,,,0,
13,385,23-Oct-11,24-Oct-14,Up-Dec,0515053,6143649,3,16-Oct-12,LN/KT,N/A,N/A,N/A,N/A,523,Y,N,N/A,No comments,13,16-Oct-12,,,,0,
13,385,23-Oct-11,24-Oct-14,Up-Dec,0515053,6143649,4,26-Jun-13,LN/LR,N/A,N/A,N/A,N/A,1523,N,,,Some deer scat on trail,13,26-Jun-13,,,,0,
13,385,23-Oct-11,24-Oct-14,Up-Dec,0515053,6143649,5,22-Oct-13,LN/GC,N/A,N/A,N/A,N/A,,Y,N,Fresh one day old deer pellets in front of camera,No comments,13,22-Oct-13,,,,0,
14,356,23-Oct-11,24-Oct-14,Lo-Con,0511668,6146715,1,24-Jan-12,JDE/LNO,21.0,30.0,2,4,106,N,N,SNHA/UNDE/COYO??,Deer head site,14,24-Jan-12,,,,0,
14,356,23-Oct-11,24-Oct-14,Lo-Con,0511668,6146715,2,19-Jun-12,LN/PL,N/A,N/A,N/A,N/A,249/250,N,N,N/A,No comments,14,19-Jun-12,,,,0,
14,356,23-Oct-11,24-Oct-14,Lo-Con,0511668,6146715,3,16-Oct-12,LN/KT,N/A,N/A,N/A,N/A,438,Y,N,N/A,Bear scat on trail fork old deer scat on trail,14,16-Oct-12,,,,0,
14,356,23-Oct-11,24-Oct-14,Lo-Con,0511668,6146715,4,26-Jun-13,LN/LR,N/A,N/A,N/A,N/A,N/A,Y,,,Camera malfunction replaced with new camera (133 pics),14,26-Jun-13,Temporary Failure,27-Jan-13,26-Jun-13,150,
14,356,23-Oct-11,24-Oct-14,Lo-Con,0511668,6146715,5,25-Oct-13,LN/NV,N/A,N/A,N/A,N/A,205,Y,N,Many deer tracks on trail heavily used,No comments,14,25-Oct-13,,,,0,
15,303,23-Oct-11,24-Oct-14,Up-Mix,0508729,6147166,1,24-Jan-12,JDE/LNO,22.0,23.0,2,2,107,N,N,SNHA,"McMann bear bait, lots of bunnies",15,24-Jan-12,,,,0,
15,303,23-Oct-11,24-Oct-14,Up-Mix,0508729,6147166,2,19-Jun-12,LN/PL,N/A,N/A,N/A,N/A,251/252,N,N,N/A,No comments,15,19-Jun-12,,,,0,
15,303,23-Oct-11,24-Oct-14,Up-Mix,0508729,6147166,3,16-Oct-12,LN/KT,N/A,N/A,N/A,N/A,235,Y,N,N/A,No comments,15,16-Oct-12,,,,0,
15,303,23-Oct-11,24-Oct-14,Up-Mix,0508729,6147166,4,26-Jun-13,LN/LR,N/A,N/A,N/A,N/A,126,N,,Old deer scat on trail,"Camera CN04 on cutline nearby, January 27 malfunction",15,26-Jun-13,,,,0,
15,303,23-Oct-11,24-Oct-14,Up-Mix,0508729,6147166,5,25-Oct-13,LN/NV,N/A,N/A,N/A,N/A,311,,,Fresh and old deer scat on trail,"Cleared large spruce that fell in front of camera, cleared branches moved tree off trail",15,25-Oct-13,,,,0,
16,260,24-Oct-11,24-Oct-14,Lo-Con,0506845,6154177,1,27-Jan-12,JDE/LNO,8.0,16.0,4,3,175/176,N,N,SNHA/COYO?,"Along river parking spot, 4 grey jays came to visit,  Seismic line has gone in close by lots of footprints 15-20m ",16,27-Jan-12,,,,0,
16,260,24-Oct-11,24-Oct-14,Lo-Con,0506845,6154177,2,19-Jun-12,LN/PL,N/A,N/A,N/A,N/A,257/258,N,N,N/A,No comments,16,19-Jun-12,,,,0,
16,260,24-Oct-11,24-Oct-14,Lo-Con,0506845,6154177,3,16-Oct-12,LN/KT,N/A,N/A,N/A,N/A,235,Y,N,N/A,Cleared away some branches blocking trail deer scat on trail,16,16-Oct-12,,,,0,
16,260,24-Oct-11,24-Oct-14,Lo-Con,0506845,6154177,4,26-Jun-13,LN/LR,N/A,N/A,N/A,N/A,285,N,,,No fresh action,16,26-Jun-13,,,,0,
16,260,24-Oct-11,24-Oct-14,Lo-Con,0506845,6154177,5,25-Oct-13,LN/NV,N/A,N/A,N/A,N/A,165,Y,N,Old deer scat on trail approx 3m from camera,No comments,16,25-Oct-13,,,,0,
,,,24-Oct-14,,,,,,,,,,,,,,,,16,24-Oct-14,Temporary Failure,15-Jan-14,13-Apr-14,88,
17,262,24-Oct-11,24-Oct-14,Up-Mix,0506718,6156256,1,27-Jan-12,JDE/LNO,4.0,7.0,3,3,177,N,N,SNHA/UNDE,"On edge of bog by big plant, snow hardness is compacted, seismic in area may decrease value of trail ",17,27-Jan-12,,,,0,
17,262,24-Oct-11,24-Oct-14,Up-Mix,0506718,6156256,2,19-Jun-12,LN/PL,N/A,N/A,N/A,N/A,259/260,N,N,N/A,Fresh deer scat,17,19-Jun-12,,,,0,
17,262,24-Oct-11,24-Oct-14,Up-Mix,0506718,6156256,3,09-Nov-12,LN/KT,4.0,5.0-7.0,3,3,806,Y,N,RESQ,Deer tracks and scat,17,09-Nov-12,,,,0,
17,262,24-Oct-11,24-Oct-14,Up-Mix,0506718,6156256,4,26-Jun-13,LN/LR,N/A,N/A,N/A,N/A,577,N,,,No fresh sign visible in rain,17,26-Jun-13,,,,0,
17,262,24-Oct-11,24-Oct-14,Up-Mix,0506718,6156256,5,25-Oct-13,LN/NV,N/A,N/A,N/A,N/A,468,Y,N,Deer scat on trail 5m from camera,Trail appears to be in use although not heavily,17,25-Oct-13,,,,0,
18,225,23-Oct-11,9-Nov-12,Lo-Mix,0504682,6157422,1,27-Jan-12,JDE/LNO,17.0,27.0,3,2,178,N,N,UNDE,"Good deer site across from camp camera location not ideal, deer in area, limited deer passed by camera lovely aspen stand",18,27-Jan-12,,,,0,
18,225,23-Oct-11,9-Nov-12,Lo-Mix,0504682,6157422,2,19-Jun-12,LN/PL,N/A,N/A,N/A,N/A,265/266,N,N,N/A,Recommend moving camera about 30m,18,19-Jun-12,,,,0,
18,225,23-Oct-11,9-Nov-12,Lo-Mix,0504682,6157422,3,09-Nov-12,LN/KT,12.0,13.0,2,2,700,Y,Y,RESQ,Camera avoidance camera getting moved approx.50m site becomes 18A,18,09-Nov-12,,,,0,
18A,225,09-Nov-12,24-Oct-14,Lo-Mix,0504738,6157417,4,25-Oct-13,LN/NV,N/A,N/A,N/A,N/A,1135,Y,N,"Buck scrapes on trail, with fresh deer scat","Well used trail, several buck scrapes on trail two within 10m of camera",18A,25-Oct-13,,,,0,
,,,,,,,,,,,,,,,,,,,18A,24-Oct-14,Temporary Failure,25-Oct-13,2-Mar-14,128,
19,211,24-Oct-11,24-Oct-14,Lo-Con,0503532,6155872,1,27-Jan-12,JDE/LNO,15.0,16.0,4,2,174,N,N,SNHA,Compacted trail other activity on trail fisher around camera ,19,27-Jan-12,,,,0,
19,211,24-Oct-11,24-Oct-14,Lo-Con,0503532,6155872,2,19-Jun-12,LN/PL,N/A,N/A,N/A,N/A,263/264,N,N,N/A,No comments,19,19-Jun-12,,,,0,
19,211,24-Oct-11,24-Oct-14,Lo-Con,0503532,6155872,3,09-Nov-12,LN/KT,13.0,15.0,2,2,300,Y,N,SNSH,"Small tree fell across trail cleared it up, old deer tracks",19,09-Nov-12,,,,0,
19,211,24-Oct-11,24-Oct-14,Lo-Con,0503532,6155872,4,26-Jun-13,LN/LR,N/A,N/A,N/A,N/A,61,N,,,Labelled images as DART 3,19,26-Jun-13,,,,0,
19,211,24-Oct-11,24-Oct-14,Lo-Con,0503532,6155872,5,24-Oct-13,LN/NV,N/A,N/A,N/A,N/A,162,Y,N,No tracks/scat on trail,Fresh deer scat approx 35m from camera,19,24-Oct-13,,,,0,
20,128,24-Oct-11,23-Oct-14,Up-Con,0495781,6156384,1,27-Jan-12,JDE/LNO,N/A,28.0,N/A,2,173,N,N,SNHA,"Open pine site set on spruce possible deer tracks not a winter spot, no distinguishable trail ",20,27-Jan-12,,,,0,
20,128,24-Oct-11,23-Oct-14,Up-Con,0495781,6156384,2,18-Jun-12,LN/PL,N/A,N/A,N/A,N/A,216/217,N,N,N/A,No comments,20,18-Jun-12,,,,0,
20,128,24-Oct-11,23-Oct-14,Up-Con,0495781,6156384,3,19-Oct-12,LN/KT,N/A,N/A,N/A,N/A,412,Y,N,N/A,Coyote scat and deer tracks,20,19-Oct-12,,,,0,
20,128,24-Oct-11,23-Oct-14,Up-Con,0495781,6156384,4,24-Jun-13,LN/LR,N/A,N/A,N/A,N/A,121,N,,No tracks hard soil,Camera said low battery but has 99% battery,20,24-Jun-13,,,,0,
20,128,24-Oct-11,23-Oct-14,Up-Con,0495781,6156384,5,21-Oct-13,LN/GC,N/A,N/A,N/A,N/A,126,Y,N,"Coyote, bear and wolf scat on trail 50m East",No comments,20,21-Oct-13,,,,0,
21,63,24-Oct-11,23-Oct-14,Up-Mix,0492430,6163470,1,26-Jan-12,JDE/LNO,2.0,12.0,5,4,172,N,N,SNHA/WOLF,Train track no picture maybe a lynx around trail is heavily used ,21,26-Jan-12,,,,0,
21,63,24-Oct-11,23-Oct-14,Up-Mix,0492430,6163470,2,18-Jun-12,LN/PL,N/A,N/A,N/A,N/A,218/219,N,N,N/A,Wolf scat on trail 10m from camera,21,18-Jun-12,,,,0,
21,63,24-Oct-11,23-Oct-14,Up-Mix,0492430,6163470,3,19-Oct-12,LN/KT,N/A,N/A,N/A,N/A,535,Y,N,N/A,Cleared away fallen tree on trail,21,19-Oct-12,,,,0,
21,63,24-Oct-11,23-Oct-14,Up-Mix,0492430,6163470,4,24-Jun-13,LN/LR,N/A,N/A,N/A,N/A,373,N,,,"Tree broke camera facing into dirt no longer any good, put on new tree",21,24-Jun-13,Temporary Failure,05-May-13,24-Jun-13,50,
21,63,24-Oct-11,23-Oct-14,Up-Mix,0492430,6163470,5,21-Oct-13,LN/GC,N/A,N/A,N/A,N/A,433,,,Good use but no tracks identifiable on trail substrate moss,No comments,21,21-Oct-13,,,,0,
22,13,25-Oct-11,26-Oct-14,Lo-Con,0486222,6135687,1,28-Jan-12,JDE/LNO,19.0,23.0,2,2,187,N,N,SNHA,"Bad site cutline moved lots of downed wood, limited wildlife activity in area",22,28-Jan-12,,,,0,
22,13,25-Oct-11,26-Oct-14,Lo-Con,0486222,6135687,2,18-Jun-12,LN/PL,N/A,N/A,N/A,N/A,212,N,N,N/A,No comments,22,18-Jun-12,,,,0,
22,13,25-Oct-11,26-Oct-14,Lo-Con,0486222,6135687,3,15-Oct-12,LN/KT,N/A,N/A,N/A,N/A,312,Y,N,N/A,Moved camera down on tree approximately 20cm,22,15-Oct-12,,,,0,
22,13,25-Oct-11,26-Oct-14,Lo-Con,0486222,6135687,4,24-Jun-13,LN/LR,N/A,N/A,N/A,N/A,107,Y,,N/A,Little activity,22,24-Jun-13,,,,0,
22,13,25-Oct-11,26-Oct-14,Lo-Con,0486222,6135687,5,25-Oct-13,LN/NV,N/A,N/A,N/A,N/A,89,Y,N,No distinct tracks or scat on trail,Not a very distinct trail,22,25-Oct-13,,,,0,
23,18,25-Oct-11,26-Oct-14,Up-Con,0487296,6140431,1,28-Jan-12,JDE/LNO,29.0,27.0,1,1,188,N,N,SNHA,"Good site by old bear bait, large tracks around camera, possibly wolves no crust on snow ",23,28-Jan-12,,,,0,
23,18,25-Oct-11,26-Oct-14,Up-Con,0487296,6140431,2,18-Jun-12,LN/PL,N/A,N/A,N/A,N/A,216,N,N,N/A,No comments,23,18-Jun-12,,,,0,
23,18,25-Oct-11,26-Oct-14,Up-Con,0487296,6140431,3,15-Oct-12,LN/KT,N/A,N/A,N/A,N/A,1494,Y,N,N/A,No comments,23,15-Oct-12,,,,0,
23,18,25-Oct-11,26-Oct-14,Up-Con,0487296,6140431,4,24-Jun-13,LN/LR,N/A,N/A,N/A,N/A,70,N,,N/A,Camera malfunction?,23,24-Jun-13,Temporary Failure,06-Nov-12,24-Jun-13,230,
23,18,25-Oct-11,26-Oct-14,Up-Con,0487296,6140431,5,25-Oct-13,LN/NV,N/A,N/A,N/A,N/A,998,Y,N,Fairly well used trail (new location) use might change with new road,Large road pipeline approx 10m from camera batteries dead moved camera to a new location (1240487366) (6140516) 697m elevation ,23,25-Oct-13,Temporary Failure,22-Sep-13,25-Oct-13,33,
24,27,25-Oct-11,23-Oct-14,Up-Con,0489227,6141578,1,28-Jan-12,JDE/LNO,22.0,26.0,2,2,189,N,N,SNHA,"By trapper cabin bear sighting, other tracks around unknown, snow trail is barely a 2 thinest crust measure of 1-2 ",24,28-Jan-12,,,,0,
24,27,25-Oct-11,23-Oct-14,Up-Con,0489227,6141578,2,18-Jun-12,LN/PL,N/A,N/A,N/A,N/A,214/215,N,N,N/A,Deer tracks off the road,24,18-Jun-12,,,,0,
24,27,25-Oct-11,23-Oct-14,Up-Con,0489227,6141578,3,15-Oct-12,LN/KT,N/A,N/A,N/A,N/A,460,Y,N,N/A,Lots of fresh deer scat and tracks on the way to site,24,15-Oct-12,,,,0,
24,27,25-Oct-11,23-Oct-14,Up-Con,0489227,6141578,4,24-Jun-13,LN/LR,N/A,N/A,N/A,N/A,246,N,,N/A,No comments,24,24-Jun-13,,,,0,
24,27,25-Oct-11,23-Oct-14,Up-Con,0489227,6141578,5,21-Oct-13,LN/GC,N/A,N/A,N/A,N/A,360,Y,N,No tracks some scuffing,Land surveyor stakes nearby which may indicate new disposition in vicinity,24,21-Oct-13,,,,0,
,,,23-Oct-14,,,,,,,,,,,,,,,,24,23-Oct-14,Temporary Failure,15-Nov-13,23-Oct-14,342,
25,189,25-Oct-11,23-Oct-14,Lo-Con,0501277,6133821,1,27-Jan-12,JDE/LNO,7.0,25.0,3,2,180,N,N,SNHA,"Compacted trail cutline seismic now running in front of the camera 5-6m, camera may need to be moved in spring ",25,27-Jan-12,,,,0,
25,189,25-Oct-11,23-Oct-14,Lo-Con,0501277,6133821,2,18-Jun-12,LN/PL,N/A,N/A,N/A,N/A,208/209,N,N,N/A,Deer scat on trail 25m from camera,25,18-Jun-12,,,,0,
25,189,25-Oct-11,23-Oct-14,Lo-Con,0501277,6133821,3,15-Oct-12,LN/KT,N/A,N/A,N/A,N/A,232,Y,N,N/A,No comments,25,15-Oct-12,,,,0,
25,189,25-Oct-11,23-Oct-14,Lo-Con,0501277,6133821,4,24-Jun-13,LN/LR,N/A,N/A,N/A,N/A,257,N,,N/A,Deer tracks on cutline,25,24-Jun-13,,,,0,
25,189,25-Oct-11,23-Oct-14,Lo-Con,0501277,6133821,5,21-Oct-13,LN/GC,N/A,N/A,N/A,N/A,162,Y,N,No tracks or sign wolf and coyote tracks in ditch beside truck 400m away,Deer tracks on cutline,25,21-Oct-13,,,,0,
26,51,25-Oct-11,23-Oct-14,Lo-Con,0491362,6167822,1,28-Jan-12,JDE/LNO,18.0,20.0,3,3,194,N,N,SNHA/FISHER,By big plant on Pj tree weasel tracks in area by road last site of this checking ,26,28-Jan-12,,,,0,
26,51,25-Oct-11,23-Oct-14,Lo-Con,0491362,6167822,2,18-Jun-12,LN/PL,N/A,N/A,N/A,N/A,220/221,N,N,N/A,No comments,26,18-Jun-12,,,,0,
26,51,25-Oct-11,23-Oct-14,Lo-Con,0491362,6167822,3,17-Oct-12,LN/KT,N/A,N/A,N/A,N/A,,Y,N,N/A,Lynx and coyote scat on trail along with old bear scat,26,17-Oct-12,,,,0,
26,51,25-Oct-11,23-Oct-14,Lo-Con,0491362,6167822,4,24-Jun-13,LN/LR,N/A,N/A,N/A,N/A,497,N,,Fresh deer tracks and scat on nearby trail,No comments,26,24-Jun-13,,,,0,
26,51,25-Oct-11,23-Oct-14,Lo-Con,0491362,6167822,5,24-Oct-13,LN/NV,N/A,N/A,N/A,N/A,370,Y,N,Old deer scat on trail in front of camera,"Didn’t change silica tabs, well used trail",26,24-Oct-13,,,,0,
27,96,25-Oct-11,23-Oct-14,Up-Mix,0493112,6172291,1,27-Jan-12,JDE/LNO,17.0,20.0,3,3,171,N,N,FOX/SNHA,"Buck rub and scrape on edge of Pj/Sb, signs of animals in area ",27,27-Jan-12,,,,0,
27,96,25-Oct-11,23-Oct-14,Up-Mix,0493112,6172291,2,20-Jun-12,LN/PL,N/A,N/A,N/A,N/A,347/348,N,N,N/A,No comments,27,20-Jun-12,,,,0,
27,96,25-Oct-11,23-Oct-14,Up-Mix,0493112,6172291,3,17-Oct-12,LN/KT,N/A,N/A,N/A,N/A,655,Y,N,N/A,Old lynx and coyote scat on trail,27,17-Oct-12,,,,0,
27,96,25-Oct-11,23-Oct-14,Up-Mix,0493112,6172291,4,24-Jun-13,LN/LR,N/A,N/A,N/A,N/A,153,N,,N/A,Old scrape but little activity,27,24-Jun-13,,,,0,
27,96,25-Oct-11,23-Oct-14,Up-Mix,0493112,6172291,5,21-Oct-13,LN/GC,N/A,N/A,N/A,N/A,317,,,Deer and fox or fisher scat on trail,No comments,27,21-Oct-13,,,,0,
28,121,25-Oct-11,21-Oct-13,Up-Mix,0494411,6169861,1,27-Jan-12,JDE/LNO,7.0,12.0,4,4,170,N,N,SNHA/COYO/RESQ,"On edge of highway in saddle 3D seismic, trail is in use icy snow hardest yet",28,27-Jan-12,,,,0,
28,121,25-Oct-11,21-Oct-13,Up-Mix,0494411,6169861,2,19-Jun-12,LN/PL,N/A,N/A,N/A,N/A,271/272,N,N,N/A,No comments,28,19-Jun-12,,,,0,
28,121,25-Oct-11,21-Oct-13,Up-Mix,0494411,6169861,3,17-Oct-12,LN/KT,N/A,N/A,N/A,N/A,273,Y,N,N/A,"Two new big trees fallen across trail, less wildlife activity",28,17-Oct-12,,,,0,
28,121,25-Oct-11,21-Oct-13,Up-Mix,0494411,6169861,4,24-Jun-13,LN/LR,N/A,N/A,N/A,N/A,612,N,,Deer tracks fresh on trail,No comments,28,24-Jun-13,,,,0,
28,121,25-Oct-11,21-Oct-13,Up-Mix,0494411,6169861,5,21-Oct-13,LN/GC,N/A,N/A,N/A,N/A,,,,,Lost camera alpac logging left card on fallen equipment with note to call me Grant,28,21-Oct-13,Moved Site,05-Oct-13,21-Oct-13,16,
29,142,25-Oct-11,23-Oct-14,Lo-Mix,0496078,6168661,1,27-Jan-12,JDE/LNO,9.0,14.0,4,3,168,N,N,SNHA,"Long trail seismic, trail is being used and super compacted, 2 crusts bottom crust is harder ",29,27-Jan-12,,,,0,
29,142,25-Oct-11,23-Oct-14,Lo-Mix,0496078,6168661,2,19-Jun-12,LN/PL,N/A,N/A,N/A,N/A,269/270,N,N,N/A,No comments,29,19-Jun-12,,,,0,
29,142,25-Oct-11,23-Oct-14,Lo-Mix,0496078,6168661,3,17-Oct-12,LN/KT,N/A,N/A,N/A,N/A,783,Y,N,N/A,No comments,29,17-Oct-12,,,,0,
29,142,25-Oct-11,23-Oct-14,Lo-Mix,0496078,6168661,4,24-Jun-13,LN/LR,N/A,N/A,N/A,N/A,568,N,,Deer scat on trail,No comments,29,24-Jun-13,,,,0,
29,142,25-Oct-11,23-Oct-14,Lo-Mix,0496078,6168661,5,21-Oct-13,LN/GC,N/A,N/A,N/A,N/A,169,Y,Y,,Black bear and truck tracks,29,21-Oct-13,,,,0,
30,156,27-Oct-11,24-Oct-14,Up-Mix,0497856,6176433,1,27-Jan-12,JDE/LNO,29.0,29.0,2,2,167,N,N,SNHA,"Long walk, deer tracks in area ",30,27-Jan-12,,,,0,
30,156,27-Oct-11,24-Oct-14,Up-Mix,0497856,6176433,2,21-Jun-12,LN/PL,N/A,N/A,N/A,N/A,366/367,N,N,N/A,Cleared trail,30,21-Jun-12,,,,0,
30,156,27-Oct-11,24-Oct-14,Up-Mix,0497856,6176433,3,17-Oct-12,LN/KT,N/A,N/A,N/A,N/A,1200,Y,N,N/A,No comments,30,17-Oct-12,,,,0,
30,156,27-Oct-11,24-Oct-14,Up-Mix,0497856,6176433,4,27-Jun-13,LN/LR,N/A,N/A,N/A,N/A,1053,N,,N/A,Fresh deer tracks on nearby pipeline,30,27-Jun-13,,,,0,
30,156,27-Oct-11,24-Oct-14,Up-Mix,0497856,6176433,5,24-Oct-13,LN/NV,N/A,N/A,N/A,N/A,541,Y,N,No scat or tracks on trail,Trails appear well used,30,24-Oct-13,,,,0,
31,188,27-Oct-11,24-Oct-14,Up-Dec,0500039,6176084,1,26-Jan-12,JDE/LNO,15.0,25.0,4,2,166,N,N,SNHA/RESQ,Thick regen by collar deployment on pipeline poor site lots of images may be better than anticipated compacted snow trail ,31,26-Jan-12,,,,0,
31,188,27-Oct-11,24-Oct-14,Up-Dec,0500039,6176084,2,21-Jun-12,LN/PL,N/A,N/A,N/A,N/A,364/365,N,N,N/A,No comments,31,21-Jun-12,,,,0,
31,188,27-Oct-11,24-Oct-14,Up-Dec,0500039,6176084,3,17-Oct-12,LN/KT,N/A,N/A,N/A,N/A,306,Y,N,N/A,No comments,31,17-Oct-12,,,,0,
31,188,27-Oct-11,24-Oct-14,Up-Dec,0500039,6176084,4,27-Jun-13,LN/LR,N/A,N/A,N/A,N/A,350,N,,N/A,Strawberries ripe on pipeline,31,27-Jun-13,,,,0,
31,188,27-Oct-11,24-Oct-14,Up-Dec,0500039,6176084,5,24-Oct-13,LN/NV,N/A,N/A,N/A,N/A,220,Y,N,No scat or tracks but trail is well used,No comments,31,24-Oct-13,,,,0,
32,570,26-Oct-11,25-Oct-14,Up-Con,0524862,6174459,1,26-Jan-12,JDE/LNO,33.0,37.0,2,2,144,N,N,SNHA/RESQ,On edge of cutblock ,32,26-Jan-12,,,,0,
32,570,26-Oct-11,25-Oct-14,Up-Con,0524862,6174459,2,21-Jun-12,LN/PL,N/A,N/A,N/A,N/A,349/350,N,N,N/A,Camera should be moved 30m up trail,32,21-Jun-12,,,,0,
32,570,26-Oct-11,25-Oct-14,Up-Con,0524862,6174459,3,17-Oct-12,LN/KT,N/A,N/A,N/A,N/A,458,Y,N,N/A,Lynx scat on trail and bear dig in front of camera on trail,32,17-Oct-12,,,,0,
32,570,26-Oct-11,25-Oct-14,Up-Con,0524862,6174459,4,27-Jun-13,LN/LR,N/A,N/A,N/A,N/A,367,N,,Fresh deer tracks in front of camera,No comments,32,27-Jun-13,,,,0,
32,570,26-Oct-11,25-Oct-14,Up-Con,0524862,6174459,5,22-Oct-13,LN/GC,N/A,N/A,N/A,N/A,400,Y,Y,Large unidentifiable hoof tracks,No comments,32,22-Oct-13,,,,0,
,,,25-Oct-14,,,,,,,,,,,,,,,,32,25-Oct-14,Temporary Failure,25-Sep-14,25-Oct-14,30,
33,540,26-Oct-11,26-Jan-12,Up-Con,0522567,6170795,1,26-Jan-12,JDE/LNO,N/A,36.0,N/A,2,156,N,N,NONE,"Bad trail on old line pictures 145-160 are of destruction around camera, purpose unknown, very recent trail not possible anymore site becomes #62",33,26-Jan-12,Moved Site,,,0,
34,440,26-Oct-11,17-Oct-12,Up-Mix,0517386,6164694,1,26-Jan-12,JDE/LNO,25.0,26.0,2,2,131,N,N,NONE,"On Pj ridge lots of cutting, bunny activity in area 132/133 Luke with camera ",34,26-Jan-12,,,,0,
34,440,26-Oct-11,17-Oct-12,Up-Mix,0517386,6164694,2,21-Jun-12,LN/PL,N/A,N/A,N/A,N/A,355/356,N,N,N/A,No comments,34,21-Jun-12,,,,0,
34,440,26-Oct-11,17-Oct-12,Up-Mix,0517386,6164694,3,17-Oct-12,LN/KT,N/A,N/A,N/A,N/A,908,N,N,N/A,"Pulled camera from site because new flagging tape is all over the place, some MEG project most of the pictures will be of people, flagging only 4m from camera site moved out of the grid going to be a holocaust area",34,17-Oct-12,Moved Site,,,0,
35,282,26-Oct-11,25-Oct-14,Lo-Mix,0507352,6170675,1,26-Jan-12,JDE/LNO,28.0,30.0,1,1,164,N,N,UNDE/RESQ,"Between two lakes, Luke does not like this site, snow rating called a 1 due to no crust would be willing to call it a 2 but not really new powder ",35,26-Jan-12,,,,0,
35,282,26-Oct-11,25-Oct-14,Lo-Mix,0507352,6170675,2,21-Jun-12,LN/PL,N/A,N/A,N/A,N/A,360/361,N,N,N/A,"Camera needs to be moved , bad location",35,21-Jun-12,,,,0,
35,282,26-Oct-11,25-Oct-14,Lo-Mix,0507352,6170675,3,17-Oct-12,LN/KT,N/A,N/A,N/A,N/A,254,Y,N,N/A,"Some bear signs on the way in, old bear dig beside trail, deer tracks on trail",35,17-Oct-12,,,,0,
35,282,26-Oct-11,25-Oct-14,Lo-Mix,0507352,6170675,4,27-Jun-13,LN/LR,N/A,N/A,N/A,N/A,301,N,,N/A,No fresh signs old deer tracks,35,27-Jun-13,,,,0,
35,282,26-Oct-11,25-Oct-14,Lo-Mix,0507352,6170675,5,22-Oct-13,LN/GC,N/A,N/A,N/A,N/A,57,Y,Y,Large hoof tracks likely moose,No comments,35,22-Oct-13,,,,0,
36,287,26-Oct-11,25-Oct-14,Lo-Mix,0507163,6175561,1,26-Jan-12,JDE/LNO,24.0,22.0,2,2,165,N,N,SNHA,Shed antler big spruce along creek,36,26-Jan-12,,,,0,
36,287,26-Oct-11,25-Oct-14,Lo-Mix,0507163,6175561,2,21-Jun-12,LN/PL,N/A,N/A,N/A,N/A,362/363,N,N,N/A,Deer scat,36,21-Jun-12,,,,0,
36,287,26-Oct-11,25-Oct-14,Lo-Mix,0507163,6175561,3,17-Oct-12,LN/KT,N/A,N/A,N/A,N/A,660,Y,N,N/A,Deer scat and tracks on trail,36,17-Oct-12,,,,0,
36,287,26-Oct-11,25-Oct-14,Lo-Mix,0507163,6175561,4,27-Jun-13,LN/LR,N/A,N/A,N/A,N/A,256,N,,N/A,Lots of blow down that has killed trail on both sides,36,27-Jun-13,,,,0,
36,287,26-Oct-11,25-Oct-14,Lo-Mix,0507163,6175561,5,22-Oct-13,LN/GC,N/A,N/A,N/A,N/A,425,Y,N,No identifiable tracks but trail shows recent use,No comments,36,22-Oct-13,,,,0,
37,267,27-Oct-11,25-Oct-14,Lo-Mix,0506391,6179454,1,26-Jan-12,JDE/LNO,25.0,26.0,2,2,142,N,N,SNHA,"On big spruce lots of branches by cutblock, red squirrel in area",37,26-Jan-12,,,,0,
37,267,27-Oct-11,25-Oct-14,Lo-Mix,0506391,6179454,2,20-Jun-12,LN/PL,N/A,N/A,N/A,N/A,343/344,N,N,N/A,No comments,37,20-Jun-12,,,,0,
37,267,27-Oct-11,25-Oct-14,Lo-Mix,0506391,6179454,3,17-Oct-12,LN/KT,N/A,N/A,N/A,N/A,480,Y,N,N/A,Bear activity in area digs and old bear scat,37,17-Oct-12,,,,0,
37,267,27-Oct-11,25-Oct-14,Lo-Mix,0506391,6179454,4,27-Jun-13,LN/LR,N/A,N/A,N/A,N/A,543,N,,N/A,Fresh deer tracks and scat on trail,37,27-Jun-13,,,,0,
37,267,27-Oct-11,25-Oct-14,Lo-Mix,0506391,6179454,5,24-Oct-13,LN/NV,N/A,N/A,N/A,N/A,154,Y,N,"Well used trail, but no obvious scat or tracks","Cleared blow down approx 10m down trail, coyote scat approx 60m down trail",37,24-Oct-13,,,,0,
38,322,27-Oct-11,25-Oct-14,Lo-Con,0508346,6182591,1,26-Jan-12,JDE/LNO,31.0,32.0,3,2,143,N,N,SNHA,"Good long trail three scats found during deployment, rabbit tracks",38,26-Jan-12,,,,0,
38,322,27-Oct-11,25-Oct-14,Lo-Con,0508346,6182591,2,20-Jun-12,LN/PL,N/A,N/A,N/A,N/A,341/342,N,N,N/A,No comments,38,20-Jun-12,,,,0,
38,322,27-Oct-11,25-Oct-14,Lo-Con,0508346,6182591,3,17-Oc-12,LN/KT,N/A,N/A,N/A,N/A,528,Y,N,N/A,No comments,38,17-Oc-12,,,,0,
38,322,27-Oct-11,25-Oct-14,Lo-Con,0508346,6182591,4,27-Jun-13,LN/LR,N/A,N/A,N/A,N/A,,Y,,N/A,"Camera dead replaced batteries, new batteries only produced low battery",38,27-Jun-13,Temporary Failure,09-Nov-12,27-Jun-13,230,
38,322,27-Oct-11,25-Oct-14,Lo-Con,0508346,6182591,5,24-Oct-13,LN/NV,N/A,N/A,N/A,N/A,95,Y,N,Trail is well used but no obvious scat or tracks on trail,No comments,38,24-Oct-13,,,,0,
39,327,27-Oct-11,25-Oct-14,Up-Dec,0508626,6187785,1,26-Jan-12,JDE/LNO,7.0,10.0,2,2,135,N,N,UNDE/SNHA/RESQ,Deer bedding under big Tom very little snow here due to large spruce trees,39,26-Jan-12,,,,0,
39,327,27-Oct-11,25-Oct-14,Up-Dec,0508626,6187785,2,20-Jun-12,LN/PL,N/A,N/A,N/A,N/A,330/331,N,N,N/A,No comments,39,20-Jun-12,,,,0,
39,327,27-Oct-11,25-Oct-14,Up-Dec,0508626,6187785,3,17-Oct-12,LN/KT,N/A,N/A,N/A,N/A,571,Y,N,N/A,30 or 80 pictures may be of us techs walking around,39,17-Oct-12,,,,0,
39,327,27-Oct-11,25-Oct-14,Up-Dec,0508626,6187785,4,27-Jun-13,LN/LR,N/A,N/A,N/A,N/A,762,N,,N/A,"Area very we 10"" of water",39,27-Jun-13,,,,0,
39,327,27-Oct-11,25-Oct-14,Up-Dec,0508626,6187785,5,24-Oct-13,LN/NV,N/A,N/A,N/A,N/A,95,Y,N,Old deer tracks on trail no other signs,Trail looks less used than previous visits,39,24-Oct-13,,,,0,
40,351,27-Oct-11,25-Oct-14,Up-Con,0510102,6189676,1,26-Jan-12,JDE/LNO,25.0,25.0,2,2,134,N,N,SNHA,"Bear hair, close to highway saw lynx, low pics ",40,26-Jan-12,,,,0,
40,351,27-Oct-11,25-Oct-14,Up-Con,0510102,6189676,2,20-Jun-12,LN/PL,N/A,N/A,N/A,N/A,328/329,N,N,N/A,No comments,40,20-Jun-12,,,,0,
40,351,27-Oct-11,25-Oct-14,Up-Con,0510102,6189676,3,17-Oct-12,LN/KT,N/A,N/A,N/A,N/A,189,Y,N,N/A,Old deer scat on trail,40,17-Oct-12,,,,0,
40,351,27-Oct-11,25-Oct-14,Up-Con,0510102,6189676,4,27-Jun-13,LN/LR,N/A,N/A,N/A,N/A,156,N,,N/A,Fresh bear tracks and old deer scat,40,27-Jun-13,,,,0,
40,351,27-Oct-11,25-Oct-14,Up-Con,0510102,6189676,5,24-Oct-13,LN/NV,N/A,N/A,N/A,N/A,104,N,N,Old scat on trail,"Trail looks well used close to noisy highway, camera still at 99%",40,24-Oct-13,,,,0,
41,347,28-Oct-11,25-Oct-14,Up-Mix,0510493,6185669,1,26-Jan-12,JDE/LNO,11.0,16.0,3,2,141,N,N,UNDE,"Near road, 1st site on Alpac road, large cut log deer milling about in area",41,26-Jan-12,,,,0,
41,347,28-Oct-11,25-Oct-14,Up-Mix,0510493,6185669,2,20-Jun-12,LN/PL,N/A,N/A,N/A,N/A,325/326,N,N,N/A,No comments,41,20-Jun-12,,,,0,
41,347,28-Oct-11,25-Oct-14,Up-Mix,0510493,6185669,3,17-Oct-12,LN/KT,N/A,N/A,N/A,N/A,386,Y,N,N/A,"Road construction no good parking, old deer scat on trail",41,17-Oct-12,,,,0,
41,347,28-Oct-11,25-Oct-14,Up-Mix,0510493,6185669,4,27-Jun-13,LN/LR,N/A,N/A,N/A,N/A,598,N,,N/A,Fresh deer tracks and scat,41,27-Jun-13,,,,0,
41,347,28-Oct-11,25-Oct-14,Up-Mix,0510493,6185669,5,24-Oct-13,LN/NV,N/A,N/A,N/A,N/A,417,Y,N,N/A,"Deer scat on trail, cleared trail of blow down",41,24-Oct-13,,,,0,
42,371,28-Oct-11,25-Oct-14,Up-Dec,0512711,6185846,1,26-Jan-12,JDE/LNO,16.0,23.0,3,2,140,N,N,UNDE,"Long walk, camera bad angle by a couple of lone spruce trees, compacted snow trail, 3000 images, animals bedding around camera, lots of activity, moved camera.  See notes on back of raw data sheet",42,26-Jan-12,,,,0,
42,371,28-Oct-11,25-Oct-14,Up-Dec,0512711,6185846,2,20-Jun-12,LN/PL,N/A,N/A,N/A,N/A,322/323,N,N,N/A,No comments,42,20-Jun-12,,,,0,
42,371,28-Oct-11,25-Oct-14,Up-Dec,0512711,6185846,3,17-Oct-12,LN/KT,N/A,N/A,N/A,N/A,1500,Y,N,N/A,"Lots of deer sign, rubs on small aspen, fresh deer scrapes on trail, fisher scat in middle of deer scrape",42,17-Oct-12,,,,0,
42,371,28-Oct-11,25-Oct-14,Up-Dec,0512711,6185846,4,27-Jun-13,LN/LR,N/A,N/A,N/A,N/A,2210,N,,N/A,Old deer rub on trail,42,27-Jun-13,,,,0,
42,371,28-Oct-11,25-Oct-14,Up-Dec,0512711,6185846,5,24-Oct-13,LN/NV,N/A,N/A,N/A,N/A,941,Y,N,No obvious scat or tracks but trail appears used,No comments,42,24-Oct-13,,,,0,
43,411,28-Oct-11,25-Oct-14,Up-Dec,0515013,6185432,1,26-Jan-12,JDE/LNO,23.0,26.0,3,2,139,N,Y,UNDE/SNHA,"By big buck rub on edge of Sb stand, deer may be avoiding, snow hardness trail is only 3 because its compressed",43,26-Jan-12,,,,0,
43,411,28-Oct-11,25-Oct-14,Up-Dec,0515013,6185432,2,20-Jun-12,LN/PL,N/A,N/A,N/A,N/A,320/321,N,N,N/A,Camera is not in a very good location,43,20-Jun-12,,,,0,
43,411,28-Oct-11,25-Oct-14,Up-Dec,0515013,6185432,3,18-Oct-12,LN/KT,N/A,N/A,N/A,N/A,496,Y,N,N/A,"This site sucks""  Luke""",43,18-Oct-12,,,,0,
43,411,28-Oct-11,25-Oct-14,Up-Dec,0515013,6185432,4,27-Jun-13,LN/LR,N/A,N/A,N/A,N/A,253,N,,N/A,Not much sign of anything,43,27-Jun-13,,,,0,
43,411,28-Oct-11,25-Oct-14,Up-Dec,0515013,6185432,5,24-Oct-13,LN/NV,N/A,N/A,N/A,N/A,173,Y,N,Trail used but no tracks or scat,No comments,43,24-Oct-13,,,,0,
44,467,28-Oct-11,25-Oct-14,Up-Dec,0518500,6185445,1,26-Jan-12,JDE/LNO,26.0,26.0,3,2,137/138,N,N,SNHA,"Possible lick small tree in opening, new big buck rub, no well defined trail but still harder than surronding snow",44,26-Jan-12,,,,0,
44,467,28-Oct-11,25-Oct-14,Up-Dec,0518500,6185445,2,20-Jun-12,LN/PL,N/A,N/A,N/A,N/A,312/318,N,N,N/A,No comments,44,20-Jun-12,,,,0,
44,467,28-Oct-11,25-Oct-14,Up-Dec,0518500,6185445,3,18-Oct-12,LN/KT,N/A,N/A,N/A,N/A,2238,Y,N,N/A,"Majority of pictures are from the tree moving that the camera is attatched to, deer tracks in lick area",44,18-Oct-12,,,,0,
44,467,28-Oct-11,25-Oct-14,Up-Dec,0518500,6185445,4,27-Jun-13,LN/LR,N/A,N/A,N/A,N/A,536,,,N/A,Fresh bear and deer tracks nearby,44,27-Jun-13,,,,0,
44,467,28-Oct-11,25-Oct-14,Up-Dec,0518500,6185445,5,24-Oct-13,LN/NV,N/A,N/A,N/A,N/A,704,Y,N,Old deer scat on trail but area looks used,"Lick approx 15m away, many deer tracks, camera was reading card for longer than usual, changed batteries",44,24-Oct-13,Temporary Failure,11-Sep-13,24-Oct-13,43,
45,523,28-Oct-11,25-Oct-14,Up-Dec,0521618,6185550,1,25-Jan-12,JDE/LNO,23.0,24.0,3,2,133,N,N,UNDE,"Grassy site trail intersection, Luke dislikes location, camera may be flashing in the eyes of the deer due to position",45,25-Jan-12,,,,0,
45,523,28-Oct-11,25-Oct-14,Up-Dec,0521618,6185550,2,20-Jun-12,LN/PL,N/A,N/A,N/A,N/A,314,N,N,N/A,Deer scat,45,20-Jun-12,,,,0,
45,523,28-Oct-11,25-Oct-14,Up-Dec,0521618,6185550,3,18-Oct-12,LN/KT,N/A,N/A,N/A,N/A,682,Y,N,N/A,No comments,45,18-Oct-12,,,,0,
45,523,28-Oct-11,25-Oct-14,Up-Dec,0521618,6185550,4,25-Jun-13,LN/LR,N/A,N/A,N/A,N/A,973,Y,,Deer scat on NS trail,Batteries 16%,45,25-Jun-13,,,,0,
45,523,28-Oct-11,25-Oct-14,Up-Dec,0521618,6185550,5,24-Oct-13,LN/NV,N/A,N/A,N/A,N/A,594,Y,N,No scat or tracks on trail,No comments,45,24-Oct-13,,,,0,
,,,25-Oct-14,,,,,,,,,,,,,,,,45,25-Oct-14,Temporary Failure,15-Jan-14,25-Oct-14,283,
46,571,28-Oct-11,25-Oct-14,Up-Mix,0524842,6185596,1,25-Jan-12,JDE/LNO,17.0,20.0,3,2,132,N,N,LYNX/SNHA/UNDE,Last site of the day cut down large Sw,46,25-Jan-12,,,,0,
46,571,28-Oct-11,25-Oct-14,Up-Mix,0524842,6185596,2,20-Jun-12,LN/PL,N/A,N/A,N/A,N/A,304/305,N,N,N/A,No comments,46,20-Jun-12,,,,0,
46,571,28-Oct-11,25-Oct-14,Up-Mix,0524842,6185596,3,18-Oct-12,LN/KT,N/A,N/A,N/A,N/A,514,Y,N,N/A,"New blow down blocking trail nothing we can do about it, old deer scat on trail",46,18-Oct-12,,,,0,
46,571,28-Oct-11,25-Oct-14,Up-Mix,0524842,6185596,4,25-Jun-13,LN/LR,N/A,N/A,N/A,N/A,796,Y,,Old deer scat on trail,Camera said 0% batteries changed,46,25-Jun-13,,,,0,
46,571,28-Oct-11,25-Oct-14,Up-Mix,0524842,6185596,5,24-Oct-13,LN/NV,N/A,N/A,N/A,N/A,419,Y,N,No tracks or scat on trail,Trail appears less used than previous visits,46,24-Oct-13,,,,0,
47,623,29-Oct-11,25-Oct-14,Up-Con,0528034,6185876,1,25-Jan-12,JDE/LNO,13.0,18.0,4,3,131,N,Y,UNDE,"Fire stand walk across fire to mature timber, snow hardness trail compacted would almost call it a 5, aversion of camera",47,25-Jan-12,,,,0,
47,623,29-Oct-11,25-Oct-14,Up-Con,0528034,6185876,2,20-Jun-12,LN/PL,N/A,N/A,N/A,N/A,302/303,N,N,N/A,No comments,47,20-Jun-12,,,,0,
47,623,29-Oct-11,25-Oct-14,Up-Con,0528034,6185876,3,18-Oct-12,LN/KT,N/A,N/A,N/A,N/A,1100,Y,N,N/A,"Crazy amount of new blow down, we cleared as much as we could, may influence for better or worse",47,18-Oct-12,,,,0,
47,623,29-Oct-11,25-Oct-14,Up-Con,0528034,6185876,4,25-Jun-13,LN/LR,N/A,N/A,N/A,N/A,1262,N,,"Fresh tracks on trail unknown species, fresh deer tracks on trail 100m away",No comments,47,25-Jun-13,,,,0,
47,623,29-Oct-11,25-Oct-14,Up-Con,0528034,6185876,5,23-Oct-13,LN/NV,N/A,N/A,N/A,N/A,231,Y,N,Old deer tracks on trail,Fresh deer scat approx 35m away,47,23-Oct-13,,,,0,
48,632,29-Oct-11,25-Oct-14,Lo-Con,0503778,6186429,1,25-Jan-12,JDE/LNO,27.0,33.0,2,2,130,N,N,UNDE/FISHER,Deer bedded investigated in front of camera ,48,25-Jan-12,,,,0,
48,632,29-Oct-11,25-Oct-14,Lo-Con,0503778,6186429,2,20-Jun-12,LN/PL,N/A,N/A,N/A,N/A,297/298,N,N,N/A,No comments,48,20-Jun-12,,,,0,
48,632,29-Oct-11,25-Oct-14,Lo-Con,0503778,6186429,3,18-Oct-12,LN/KT,N/A,N/A,N/A,N/A,649,Y,N,N/A,"Deer scat, squirrel chewed",48,18-Oct-12,,,,0,
48,632,29-Oct-11,25-Oct-14,Lo-Con,0503778,6186429,4,25-Jun-13,LN/LR,N/A,N/A,N/A,N/A,163,N,,Deer track nearby,Ants on camera and tree the tree is dying,48,25-Jun-13,,,,0,
48,632,29-Oct-11,25-Oct-14,Lo-Con,0503778,6186429,5,23-Oct-13,LN/NV,N/A,N/A,N/A,N/A,277,Y,N,Fresh deer scat on trail in front of camera,Ruffed grouse approx 30m from camera,48,23-Oct-13,,,,0,
,,,25-Oct-14,,,,,,,,,,,,,,,,48,25-Oct-14,Temporary Failure,07-Jan-14,25-Oct-14,291,
49,635,29-Oct-11,25-Oct-14,Up-Dec,0532295,6187485,1,25-Jan-12,JDE/LNO,22.0,26.0,3,2,129,N,N,NONE,"Camera set in saddle close to the road, possible deer but not sure",49,25-Jan-12,,,,0,
49,635,29-Oct-11,25-Oct-14,Up-Dec,0532295,6187485,2,20-Jun-12,LN/PL,N/A,N/A,N/A,N/A,292/293,N,N,N/A,No comments,49,20-Jun-12,,,,0,
49,635,29-Oct-11,25-Oct-14,Up-Dec,0532295,6187485,3,18-Oct-12,LN/KT,N/A,N/A,N/A,N/A,758,Y,N,N/A,No comments,49,18-Oct-12,,,,0,
49,635,29-Oct-11,25-Oct-14,Up-Dec,0532295,6187485,4,25-Jun-13,LN/LR,N/A,N/A,N/A,N/A,146,N,,No tracks or scat on trail,Camera off but ok malfunction,49,25-Jun-13,Temporary Failure,16-Feb-13,25-Jun-13,129,
49,635,29-Oct-11,25-Oct-14,Up-Dec,0532295,6187485,5,23-Oct-13,LN/NV,N/A,N/A,N/A,N/A,40,Y,N,No tracks or scat on trail,"Camera was not on when we checked it, changed batteries still not working card issue put in new camera",49,23-Oct-13,Temporary Failure,08-Jul-13,23-Oct-13,107,
50,640,29-Oct-11,25-Oct-14,Lo-Mix,0534313,6188292,1,25-Jan-12,JDE/LNO,17.0,23.0,3,3,128,N,N,UNDE/SNHA,"Old buck rub, camera set along Sb edge instead of the Aw ridge",50,25-Jan-12,,,,0,
50,640,29-Oct-11,25-Oct-14,Lo-Mix,0534313,6188292,2,20-Jun-12,LN/PL,N/A,N/A,N/A,N/A,290/291,N,N,N/A,No comments,50,20-Jun-12,,,,0,
50,640,29-Oct-11,25-Oct-14,Lo-Mix,0534313,6188292,3,18-Oct-12,LN/KT,N/A,N/A,N/A,N/A,700,Y,N,N/A,Camera was mauled by bear had to replace camera,50,18-Oct-12,,,,0,
50,640,29-Oct-11,25-Oct-14,Lo-Mix,0534313,6188292,4,25-Jun-13,LN/LR,N/A,N/A,N/A,N/A,762,N,,N/A,No comments,50,25-Jun-13,,,,0,
50,640,29-Oct-11,25-Oct-14,Lo-Mix,0534313,6188292,5,23-Oct-13,LN/NV,N/A,N/A,N/A,N/A,314,Y,N,No tracks or scat on trail,Old buck rub in front of camera,50,23-Oct-13,,,,0,
51,649,29-Oct-11,25-Oct-14,Up-Dec,0537393,6191911,1,25-Jan-12,JDE/LNO,16.0,20.0,4,4,127,N,N,UNDE,"On bottom of creek, deer scrape in area, deer milling about, there isn't much of a snow crust but the snow is dense very granular hard to get into",51,25-Jan-12,,,,0,
51,649,29-Oct-11,25-Oct-14,Up-Dec,0537393,6191911,2,20-Jun-12,LN/PL,N/A,N/A,N/A,N/A,288/289,N,N,N/A,No comments,51,20-Jun-12,,,,0,
51,649,29-Oct-11,25-Oct-14,Up-Dec,0537393,6191911,3,18-Oct-12,LN/KT,N/A,N/A,N/A,N/A,1040,Y,N,N/A,Plenty of tracks in the area fresh deer scat,51,18-Oct-12,,,,0,
51,649,29-Oct-11,25-Oct-14,Up-Dec,0537393,6191911,4,25-Jun-13,LN/LR,N/A,N/A,N/A,N/A,804,N,,Lots of winter deer scat on trail,No comments,51,25-Jun-13,,,,0,
51,649,29-Oct-11,25-Oct-14,Up-Dec,0537393,6191911,5,23-Oct-13,LN/NV,N/A,N/A,N/A,N/A,306,Y,N,Old deer scat on trail,Trail is lightly used,51,23-Oct-13,,,,0,
52,659,29-Oct-11,25-Oct-14,Lo-Mix,0541358,6191251,1,25-Jan-12,JDE/LNO,18.0,27.0,3,2,125,N,Y,SNHA/UNKNOWN,"Good trail on edge of Sb/Pj stand some deer avoiding camera, sniffing evidence its snowing",52,25-Jan-12,,,,0,
52,659,29-Oct-11,25-Oct-14,Lo-Mix,0541358,6191251,2,20-Jun-12,LN/PL,N/A,N/A,N/A,N/A,286/287,N,N,N/A,Deer scat,52,20-Jun-12,,,,0,
52,659,29-Oct-11,25-Oct-14,Lo-Mix,0541358,6191251,3,18-Oct-12,LN/KT,N/A,N/A,N/A,N/A,335,Y,N,N/A,Bear chewed camera replaced with new one,52,18-Oct-12,,,,0,
52,659,29-Oct-11,25-Oct-14,Lo-Mix,0541358,6191251,4,25-Jun-13,LN/LR,N/A,N/A,N/A,N/A,390,N,,Older deer scat on trail,No comments,52,25-Jun-13,,,,0,
52,659,29-Oct-11,25-Oct-14,Lo-Mix,0541358,6191251,5,23-Oct-13,LN/NV,N/A,N/A,N/A,N/A,192,N,N,Trail is worn but no scat or tracks,"Bear scratch marks on aspen tree approx 4m from camera, batteries were not changed because a new camera was deployed last check",52,23-Oct-13,,,,0,
53,703,29-Oct-11,25-Oct-14,Lo-Mix,0546659,6193934,1,25-Jan-12,JDE/LNO,32.0,32.0,3,3,109,N,N,UNDE,"Open Pj stand good trail, theft concerns, not a heavy trail, coyote walking on top of snow",53,25-Jan-12,,,,0,
53,703,29-Oct-11,25-Oct-14,Lo-Mix,0546659,6193934,2,20-Jun-12,LN/PL,N/A,N/A,N/A,N/A,273/274,N,N,N/A,No comments,53,20-Jun-12,,,,0,
53,703,29-Oct-11,25-Oct-14,Lo-Mix,0546659,6193934,3,18-Oct-12,LN/KT,N/A,N/A,N/A,N/A,381,Y,N,N/A,Deer tracks and scat,53,18-Oct-12,,,,0,
53,703,29-Oct-11,25-Oct-14,Lo-Mix,0546659,6193934,4,25-Jun-13,LN/LR,N/A,N/A,N/A,N/A,324,N,,Old moose and deer scat and tracks on trail,No comments,53,25-Jun-13,,,,0,
53,703,29-Oct-11,25-Oct-14,Lo-Mix,0546659,6193934,5,23-Oct-13,LN/NV,N/A,N/A,N/A,N/A,353,N,N,Fresh deer scat approx 5m away,Bear chewed on camera put in new camera thus batteries were not changed,53,23-Oct-13,,,,0,
54,693,30-Oct-11,25-Oct-14,Lo-Mix,0545149,6189743,1,25-Jan-12,JDE/LNO,15.0,15.0,3,3,124,N,N,FISHER/SNHA/RESQ,Bear chew toy,54,25-Jan-12,,,,0,
54,693,30-Oct-11,25-Oct-14,Lo-Mix,0545149,6189743,2,20-Jun-12,LN/PL,N/A,N/A,N/A,N/A,284/285,N,N,N/A,No comments,54,20-Jun-12,,,,0,
54,693,30-Oct-11,25-Oct-14,Lo-Mix,0545149,6189743,3,18-Oct-12,LN/KT,N/A,N/A,N/A,N/A,179,Y,N,N/A,"Squirrel chewed camera and cord, middens all over trail",54,18-Oct-12,,,,0,
54,693,30-Oct-11,25-Oct-14,Lo-Mix,0545149,6189743,4,25-Jun-13,LN/LR,N/A,N/A,N/A,N/A,396,N,,Squirrel sign,No comments,54,25-Jun-13,,,,0,
54,693,30-Oct-11,25-Oct-14,Lo-Mix,0545149,6189743,5,23-Oct-13,LN/NV,N/A,N/A,N/A,N/A,89,N,N,Old bear and deer tracks on trail,Trail is in use,54,23-Oct-13,,,,0,
,,,25-Oct-14,,,,,,,,,,,,,,,,54,25-Oct-14,Temporary Failure,25-Oct-13,25-Oct-14,365,
55,683,30-Oct-11,25-Oct-14,Lo-Mix,0544703,6185664,1,25-Jan-12,JDE/LNO,16.0,35.0,5,3,122,N,N,RESQ,"Heavy moss site in Pj, Sb stand lots of cutting downed wood, trail heavy use compacted snow, photo #123 Luke testing detecting bands, something large on trail",55,25-Jan-12,,,,0,
55,683,30-Oct-11,25-Oct-14,Lo-Mix,0544703,6185664,2,20-Jun-12,LN/PL,N/A,N/A,N/A,N/A,282/283,N,N,N/A,No comments,55,20-Jun-12,,,,0,
55,683,30-Oct-11,25-Oct-14,Lo-Mix,0544703,6185664,3,18-Oct-12,LN/KT,N/A,N/A,N/A,N/A,355,Y,N,N/A,Deer scat on trail,55,18-Oct-12,,,,0,
55,683,30-Oct-11,25-Oct-14,Lo-Mix,0544703,6185664,4,25-Jun-13,LN/LR,N/A,N/A,N/A,N/A,188,N,,"Fresh bear and ungulate tracks on trail, old coyote and bear tracks on road",No comments,55,25-Jun-13,,,,0,
55,683,30-Oct-11,25-Oct-14,Lo-Mix,0544703,6185664,5,23-Oct-13,LN/NV,N/A,N/A,N/A,N/A,111,Y,N,No scat but a few old tracks,No comments,55,23-Oct-13,,,,0,
56,681,30-Oct-11,25-Oct-14,Up-Dec,0544355,6183113,1,25-Jan-12,JDE/LNO,16.0,27.0,3,2,116,N,N,LYNX/MOUSE or VOLE,"On edge of sedge medow, good spot, fisher tracks in area, camera malfunction  well used trail",56,25-Jan-12,Temporary Failure,18-Nov-11,25-Jan-12,68,
56,681,30-Oct-11,25-Oct-14,Up-Dec,0544355,6183113,2,20-Jun-12,LN/PL,N/A,N/A,N/A,N/A,280/281,N,N,N/A,No comments,56,20-Jun-12,,,,0,
56,681,30-Oct-11,25-Oct-14,Up-Dec,0544355,6183113,3,18-Oct-12,LN/KT,N/A,N/A,N/A,N/A,,Y,N,N/A,"Camera malfunctioning replacing with new camera, deer scat on trail",56,18-Oct-12,Temporary Failure,20-Aug-12,18-Oct-12,59,
56,681,30-Oct-11,25-Oct-14,Up-Dec,0544355,6183113,4,25-Jun-13,LN/LR,N/A,N/A,N/A,N/A,410,N,,N/A,"Water up, camera location 6"" water in sedge marsh",56,25-Jun-13,,,,0,
56,681,30-Oct-11,25-Oct-14,Up-Dec,0544355,6183113,5,23-Oct-13,LN/NV,N/A,N/A,N/A,N/A,1368,Y,N,Trail is in use but no obvious tracks or scat,"Meadow is wet (standing water), but there is still a trail through it",56,23-Oct-13,,,,0,
,,,25-Oct-14,,,,,,,,,,,,,,,,56,25-Oct-14,Temporary Failure,08-Nov-13,11-Jun-14,215,
57,679,30-Oct-11,25-Oct-14,Up-Mix,0544622,6181716,1,25-Jan-12,JDE/LNO,26.0,33.0,4,3,115,N,N,NONE,"Long walk scrape in area, cutdown large dead falling tree, red squirrel in area",57,25-Jan-12,Temporary Failure,11-Nov-12,25-Jun-13,226,
57,679,30-Oct-11,25-Oct-14,Up-Mix,0544622,6181716,2,20-Jun-12,LN/PL,N/A,N/A,N/A,N/A,275/276,N,N,N/A,No comments,57,20-Jun-12,,,,0,
57,679,30-Oct-11,25-Oct-14,Up-Mix,0544622,6181716,3,18-Oct-12,LN/KT,N/A,N/A,N/A,N/A,348,Y,N,N/A,Cleared away some small debris from trail,57,18-Oct-12,,,,0,
57,679,30-Oct-11,25-Oct-14,Up-Mix,0544622,6181716,4,25-Jun-13,LN/LR,N/A,N/A,N/A,N/A,166,Y,,Bear scrapping at base of tree with camera,"Camera dead malfunction, new camera added",57,25-Jun-13,,,,0,
57,679,30-Oct-11,25-Oct-14,Up-Mix,0544622,6181716,5,23-Oct-13,LN/NV,N/A,N/A,N/A,N/A,141,N,N,Trail looks used but no scat or tracks,Camera and batteries were changed in July,57,23-Oct-13,,,,0,
58,161,30-Oct-11,24-Oct-14,Up-Mix,0498361,6161666,1,27-Jan-12,JDE/LNO,25.0,23.0,2,2,179,N,N,NONE,"Semi long walk over hill trail intersection, limited tracks",58,27-Jan-12,,,,0,
58,161,30-Oct-11,24-Oct-14,Up-Mix,0498361,6161666,2,19-Jun-12,LN/PL,N/A,N/A,N/A,N/A,267/268,N,N,N/A,No comments,58,19-Jun-12,,,,0,
58,161,30-Oct-11,24-Oct-14,Up-Mix,0498361,6161666,3,19-Oct-12,LN/KT,N/A,N/A,N/A,N/A,670,Y,N,N/A,No comments,58,19-Oct-12,,,,0,
58,161,30-Oct-11,24-Oct-14,Up-Mix,0498361,6161666,4,26-Jun-13,LN/LR,N/A,N/A,N/A,N/A,N/A,Y,,N/A,"Low batteries changed batteries still low, changed camera ended March 16 -23 degrees 549 pictures",58,26-Jun-13,Temporary Failure,16-Mar-13,26-Jun-13,102,
58,161,30-Oct-11,24-Oct-14,Up-Mix,0498361,6161666,5,25-Oct-13,LN/NV,N/A,N/A,N/A,N/A,174,,N,No obvious scat or tracks on trail,Near old line approx 1m away trail appears well used,58,25-Oct-13,,,,0,
59,306,31-Oct-11,19-Jun-12,Lo-Mix,0508135,6152636,1,24-Jan-12,JDE/LNO,11.0,24.0,4,2,108,N,N,UNDE/SNHA/RESQ,"On old seismic line big spruce tree scrape, lots of deer activity in area, no significant changes",59,24-Jan-12,,,,0,
59,306,31-Oct-11,19-Jun-12,Lo-Mix,0508135,6152636,2,19-Jun-12,LN/PL,N/A,N/A,N/A,N/A,255/256,N,N,N/A,Tree fell over camera moved to new location in the same grid site becomes 59A,59,19-Jun-12,Temporary Failure,06-Jun-12,19-Jun-12,13,
59A,306,19-Jun-12,24-Oct-14,Lo-Mix,0508135,6152636,3,16-Oct-12,LN/KT,N/A,N/A,N/A,N/A,1126,Y,N,N/A,Lots of deer sign,59A,16-Oct-12,,,,0,
59A,306,19-Jun-12,24-Oct-14,Lo-Mix,0508135,6152636,4,27-Jun-13,LN/LR,N/A,N/A,N/A,N/A,2013/2016,N,,N/A,"Deer scat on trail, raining hard",59A,27-Jun-13,,,,0,
59A,306,19-Jun-12,24-Oct-14,Lo-Mix,0508135,6152636,5,25-Oct-13,LN/NV,N/A,N/A,N/A,N/A,639,Y,N,Old deer scat on trail in front of camera,Well used trail,59A,25-Oct-13,,,,0,
60,526,31-Oct-11,24-Oct-14,Up-Dec,0522093,6134612,1,24-Jan-12,JDE/LNO,8.0,18.0,3,3,98,N,Y,SNHA,"Airstrip, camera refusal?, two crust layers of snow, coyote and/or deer are using trail too hard to distinguish",60,24-Jan-12,,,,0,
60,526,31-Oct-11,24-Oct-14,Up-Dec,0522093,6134612,2,19-Jun-12,LN/PL,N/A,N/A,N/A,N/A,229/230,N,Y,N/A,7ft fence around air strip new 3D seismic in area freshly seeded around runway,60,19-Jun-12,,,,0,
60,526,31-Oct-11,24-Oct-14,Up-Dec,0522093,6134612,3,16-Oct-12,LN/KT,N/A,N/A,N/A,N/A,1800,Y,N,N/A,Cleared out Sherwood forest so camera has view of seismic line,60,16-Oct-12,,,,0,
60,526,31-Oct-11,24-Oct-14,Up-Dec,0522093,6134612,4,26-Jun-13,LN/LR,N/A,N/A,N/A,N/A,1975,N,,Old deer scat on trail,No comments,60,26-Jun-13,,,,0,
60,526,31-Oct-11,24-Oct-14,Up-Dec,0522093,6134612,5,22-Oct-13,LN/GC,N/A,N/A,N/A,N/A,485,Y,N,Deer tracks,No comments,60,22-Oct-13,,,,0,
,,,24-Oct-14,,,,,,,,,,,,,,,,60,24-Oct-14,Temporary Failure,15-Jan-14,24-Oct-14,282,
61,324,28-Jan-12,25-Oct-14,Up-Mix,0508807,6184265,1,20-Jun-12,LN/PL,N/A,N/A,N/A,N/A,336/337,N,N,N/A,Wide cutline freshly made 30m from camera,61,20-Jun-12,,,,0,
61,324,28-Jan-12,25-Oct-14,Up-Mix,0508807,6184265,2,17-Oct-12,LN/KT,N/A,N/A,N/A,N/A,450,Y,N,Deer scat on trail,No comments,61,17-Oct-12,,,,0,
61,324,28-Jan-12,25-Oct-14,Up-Mix,0508807,6184265,3,27-Jun-13,LN/LR,N/A,N/A,N/A,N/A,693,N,,N/A,No comments,61,27-Jun-13,,,,0,
61,324,28-Jan-12,25-Oct-14,Up-Mix,0508807,6184265,4,24-Oct-13,LN/NV,N/A,N/A,N/A,N/A,136,Y,N,Old scat on trail in front of camera,Didn’t replace silica tabs,61,24-Oct-13,,,,0,
62,554,28-Jan-12,25-Oct-14,Up-Con,0523138,6172034,1,21-Jun-12,LN/PL,N/A,N/A,N/A,N/A,351/352,N,N,N/A,No comments,62,21-Jun-12,,,,0,
62,554,28-Jan-12,25-Oct-14,Up-Con,0523138,6172034,2,17-Oct-12,LN/KT,N/A,N/A,N/A,N/A,694,Y,N,N/A,No comments,62,17-Oct-12,,,,0,
62,554,28-Jan-12,25-Oct-14,Up-Con,0523138,6172034,3,27-Jun-13,LN/LR,N/A,N/A,N/A,N/A,,N,,N/A,Fresh large ungulate tracks on cutline,62,27-Jun-13,,,,0,
62,554,28-Jan-12,25-Oct-14,Up-Con,0523138,6172034,4,22-Oct-13,LN/GC,N/A,N/A,N/A,N/A,233,Y,Y,Heavily used trail no identifiable tracks,No comments,62,22-Oct-13,,,,0,
63,69,19-Oct-12,23-Oct-14,Up-Mix,0493451,6135761,1,24-Jun-13,LN/LR,N/A,N/A,N/A,N/A,508,N,,N/A,Fresh deer tracks on trail,63,24-Jun-13,,,,0,
63,69,19-Oct-12,23-Oct-14,Up-Mix,0493451,6135761,2,21-Oct-13,LN/GC,N/A,N/A,N/A,N/A,194,Y,N,Active deer use,No comments,63,21-Oct-13,,,,0,
64???,,,25-Oct-14,,,,,,,,,,,,,,,,64???,,,,,0,
,,,25-Oct-14,,,,,,,,,,,,,,,,64,25-Oct-14,Temporary Failure,04-Nov-13,25-Oct-14,355,
